"x1","x2","x3","x4","x5"
42.8501197893474,7.96280569073231,4.0241878545593,44.5266482380392,10.4089335436572
45.6806487495378,10.3076016778168,10.7061446076295,43.6613855307911,10.2367269968125
46.6978785057118,9.67760460983631,1.21309644688506,41.8999588902957,9.57947104469914
43.4687873445647,8.48750884820756,0.428853546288985,41.9216726089884,9.72556013975793
49.2235930086167,7.64879489162393,14.607757644119,44.0767746248941,9.60192066481098
56.9661821141166,10.336887242597,11.7941028643302,41.9584869513161,8.84302381395486
47.8927371538436,6.38986692940278,2.08939775713527,43.1822255945603,10.4888449883502
54.4492193760101,6.84823052669389,6.94976188443246,45.2140203682582,9.69499947478333
47.6837632639494,13.0142386453228,8.97099689252617,43.9279372889714,10.2865726099703
51.9156810846074,8.40008018445111,15.6501015236238,42.7569981683413,9.8731890263349
51.3328122476421,9.14573037195044,2.52144457472058,44.7988516657392,10.2723147258858
58.10621726926,10.5845507915017,1.97598941683386,42.3201620711757,10.7407120648824
46.4589941171539,7.95814567413023,9.97849999208183,42.9326714184651,9.86142549425703
51.5830944863711,6.96619476855553,5.24333079537601,43.2820203391091,10.2254470146549
50.4940515737866,11.6900198745385,7.18720977071701,42.7440822257894,9.60451917435711
43.8568573240886,8.39788120305293,11.0436445272856,43.7109000283017,10.0897025416312
50.4463933692005,10.5703309983822,12.6067702542164,43.6846868252809,9.60829611388704
57.5849595784199,6.15810131651298,-4.88866218013865,41.4945944902078,9.85725442054999
47.3694029281969,10.5640948759717,8.45500845812579,42.349519974653,10.3483421889352
47.547757310566,8.39617323147034,3.77568039526357,41.9272288542703,9.84579871288425
54.2377924764564,8.26878728312843,7.63472662478304,42.5077104547639,10.7261782401359
51.7434936758967,9.85224392043805,6.28487086352919,43.1791593285846,10.3535299042412
49.2927740322615,7.87890392633319,1.06015509388877,43.8272030548167,9.94699700625681
48.5425715550524,7.27880853728244,2.0976605413274,42.2537417874591,10.4495777731789
44.5483572424475,9.53472520188371,3.79695782549801,43.5485448647996,9.69380521625774
59.6656971595499,8.26805747614405,8.80627329379938,43.0726335327615,9.93709336969933
55.9835926346125,11.3615036080504,3.44341710453503,42.1782905230168,9.98329066104181
52.3159449858716,10.3046151702783,1.12138487287612,44.0605918153633,10.2613070893482
42.3421648010829,12.5289327769518,3.26427939009404,42.1732794533136,10.7461697841911
57.6165319656988,9.92004033096409,7.73007605100126,41.9331826766491,9.61079012030215
44.9411525604325,9.98458845748262,3.51430948916757,43.4719763945867,10.4202902098781
54.2971874168311,9.01387199953903,4.41431823605624,44.3251856864634,10.7376910686657
52.6937707968886,8.16659083569195,2.75548254382374,42.0839847215373,9.41481952710743
48.0053204585658,9.23520447946358,11.6436363906415,43.3621784969382,9.91225867209244
45.5660576101862,8.41793750205446,5.08643103081908,42.1854777240915,9.54119838206199
46.8890084659259,10.5019374993904,-2.57331436260631,40.9838349340081,10.3972814651923
51.7055579273382,12.4326069165473,6.41846296343191,41.3131068957644,10.5424244415309
48.9996357372197,8.93684658823303,1.54671477161222,42.0896262528774,10.5069691196312
53.1036011794887,10.8745682164314,2.96020576602696,43.2125518689317,10.3809381936261
38.5812483217905,13.2723550940257,9.25242694063838,42.210292068167,10.4075899834823
51.8232675580483,13.3022710524071,4.72271432953236,42.6757923166805,9.14799433811027
54.1830006818611,9.29470775637387,3.34423196058701,41.3674388486298,10.0236494898888
44.4753574982541,10.5464046051505,0.930558072370911,40.9528613951457,9.5910861755958
46.9092740775875,12.0601540108496,-4.59896667330741,43.996393285015,9.69873499089313
57.2973116397753,10.4421160679888,0.883572406868399,42.403964351534,9.7623420390805
52.2305845877572,7.32478140515655,10.6792191897064,43.3192251666519,9.6937133405263
46.2754697609224,14.3707129339356,5.74824095408612,42.6170440924661,10.6188335652142
53.5509163385589,9.9420704478293,2.1946736815191,43.9488787248314,9.90215133781133
51.3885552686802,9.53233089997476,0.610409818743416,43.6574863082344,9.9130801767764
53.4159503297428,10.6540997418039,3.30445726658034,42.6145821817197,10.8205579006984
47.8397379546894,9.36913915100535,5.91566328747718,40.7205346699589,9.90281580168202
45.7428334093244,12.7144651853654,15.8417668712325,43.0945888937441,10.3251703883334
43.6316922865541,7.97549221123892,2.44294938167578,41.6015927354473,9.62183698644438
41.7833430625668,11.8172561094733,4.14330884063182,42.3638345071871,9.77671563444734
40.4583704244249,12.1937840037425,2.97846347801763,43.3528084754629,9.52509928703497
49.233919645313,10.0311187122115,4.19841968055745,42.3664620263138,10.132784235883
51.0987644163165,9.40939291147603,2.48865022643957,43.6215060461473,10.3334381932785
50.5151878770564,8.38144947817707,8.20237616303045,43.422148085215,10.4762172349199
47.2976078279246,12.4770294744818,7.79892188938508,43.5910388757845,10.5660035675043
42.3428676681873,12.8159664196007,-1.14301520842353,44.0361073438494,10.8672982922378
47.6998837799511,9.26076583256125,4.60343563374999,43.5021257647826,10.7032868031382
56.8423424194358,11.5280989080662,6.56365176696224,44.6499788996407,9.96624582163282
43.5197343715646,10.27985996946,4.74426609833867,42.0298891193278,9.59008459791548
51.4119081874791,8.06862626659853,1.5306710004468,42.9505107598054,10.5749351793253
46.090764409453,9.59075596764762,1.38929853971631,42.0188693621004,10.6125772451873
45.2380854038341,9.02397153927261,9.04647112891527,42.4332475728647,10.5253116420141
52.1940483741782,12.1565443237509,5.00793827072831,43.9794756023138,10.3028375384862
56.9300381955662,11.4033830113289,10.1213279018942,43.4064964994103,9.840782106681
49.1647184600097,11.6162122547759,-5.4223966124424,44.1103498026702,9.84823472798433
46.8962152148578,10.5694317422532,-1.50560691214609,44.1068728823079,9.96903062365682
48.4339500113657,12.8381994481252,7.84921783541249,42.3897925544477,10.0084687980491
46.1229858378704,11.0015144199537,1.47185525029762,43.8015830654983,9.05113975592086
51.5693284785349,7.56718546781608,-1.69225155021803,43.2058781317261,9.75649437773416
43.1710072185287,10.6046311573338,3.8128333714089,42.4836336686391,9.82263401670567
50.2500207128086,8.80503867826409,-2.67377413886084,43.8003818144679,9.81415701872565
49.319760278168,9.58538075743219,-7.13965578579638,41.0353767091206,9.52650329188892
40.1527936082801,8.38338993696733,10.76724486455,43.2178362094635,10.666471699539
50.5081591884318,7.78749593764642,0.104362590862721,42.1701945009352,9.74124033870328
49.0856693566616,9.37152070995302,3.72618174744795,43.3099768397419,9.89833872628387
45.8046790206109,15.3313593648291,-0.763771660461068,43.6527913561335,10.4891601112135
48.4729224636418,7.74911434579617,-0.656150274019661,41.5465844988854,10.2144289314317
48.4718255346321,7.22410710125024,9.16323054060717,42.1344076174463,9.95972666211156
47.0479642478325,10.0617727800311,0.614668473707322,42.9739456705589,9.94006229490959
43.8177776825,13.9358346514618,-0.0290218059514618,42.6580625732986,10.4390924824575
51.4697853179154,15.1430447041331,11.5774235440503,44.1624800164013,9.81620462442474
47.3179217306759,12.1066302112439,7.95181230945276,43.4616911204651,10.1184709977088
55.8194438423207,10.3384418053921,-3.65533824531949,43.4118562035614,9.691064522827
54.3108758690436,8.99728816688659,3.22890461329249,42.1687049314616,9.5227562447824
49.8788547854722,11.5308546408368,-3.01626185579896,42.4567574885497,10.099563345487
46.4849478637323,8.34893949016736,5.8930852413746,43.4547825695602,8.82738336629607
53.9602625026546,9.30055618539186,-3.33204603471051,43.7475300652694,10.9222847199408
58.1390967714199,9.75830220981459,3.5682904763153,42.2466614914548,9.29699479107513
53.8684223410066,10.0072363331958,10.5894125430539,42.5057173080251,9.98829600413411
48.9541928207067,9.81192310741478,1.97873113330066,42.8158445767061,9.72511120516403
42.3364593211491,14.084204079409,3.84473491330561,42.5716423238843,10.3789762159174
46.7876557804376,10.758392074582,3.35848320093908,43.7062569794616,10.5019268521467
57.3296812047517,9.32266859130668,3.99713935787201,42.2435649776518,10.7011768961138
50.3233855780406,6.77051032106595,8.76753182159418,41.8851562350697,9.0314764632155
48.1955534374316,8.85564385893509,0.715318092636557,44.7423767543983,9.5347381571595
50.414173022989,9.97620175124028,8.4321093145012,43.1075897568113,10.6049372651884
41.7543414093492,9.02453618992308,0.295479334024491,42.5463541938349,10.2257111159168
52.6592011467506,7.51937839505183,-2.85910704881762,40.2453843258818,10.8836203885164
46.1085223918623,6.63457749924846,-0.460772496412359,42.9707390644377,9.51653428232586
43.7544102999735,7.07051762615431,4.04993283751688,42.7082780742892,9.67181905308258
54.2478635959881,11.9320470758218,-2.53766200779155,41.9321608859072,9.34682861403591
50.7950968086014,9.03536166708202,6.40367754087351,41.002909329036,10.3836188222684
47.9442877403884,9.61959555437668,2.65867106787977,43.4520868875903,9.81407391733361
43.7179240043539,6.35362348820517,6.66300775858469,42.6187134568747,10.5556239658592
50.0895219311069,7.98846815976043,9.16902459511029,44.0971773992386,9.72279224885523
51.4364920621206,9.2184779417352,-8.80707068519709,41.8394198370401,9.7247166399262
52.1786878956601,9.13517769788731,5.61684386662231,45.343397906604,9.88823933016804
50.0210144176981,11.5193759638824,0.369826497708151,43.7253479161313,10.0504633598881
53.3306010783391,8.96367952012269,5.13681566869961,41.9492232459399,10.541592417379
46.0974376408978,8.35002526300664,-1.64923122426227,42.9949050641222,10.3128746059159
50.2955991293754,8.78505700443825,5.68666023834058,42.0137873838716,9.87444815197469
49.7210832999868,10.3274997700009,2.30022984913875,41.9344591920671,8.28859382059494
39.6374106018902,14.6402555298967,1.55548275762398,43.6230588725199,8.51889275383691
46.5819330607853,9.57549295065913,-2.54047268534436,43.9850878116842,10.0440742595429
47.182953960054,9.36354376427877,9.03501876956701,43.0657622205819,9.88395785209685
52.6555311668815,9.77744134963001,8.88342101667905,42.6651424185368,9.80669458667672
46.9149896615478,9.87926841357065,4.98572361344886,43.7582247374363,10.1871546540223
52.0623893091496,10.9041057541778,5.92791996791827,43.2407403641908,10.0610645351586
48.5671014403349,12.2450280829233,6.82117139680413,42.1488489138229,10.9348957906542
49.7227079891808,7.83774371724012,-5.79635448289056,44.3667345004767,10.1168889332404
50.6022650572168,10.1039974698137,-0.105171333883804,44.7924199145587,10.1106548021318
53.2068619739588,9.39010819454222,-7.67511846187241,41.8816628095275,10.3173565104031
48.5848689321617,8.84123264846317,6.07736517869708,42.6798924703859,10.168738794704
45.6529407207353,10.7916810555104,5.0605219101585,43.6680890368295,9.66525004281298
47.0167183831253,12.6845286875627,-4.24872903056237,42.6952919452394,10.8499206796756
44.7020099768427,12.3762779988427,4.05821160266184,44.6088050315705,10.0979856178653
49.9832142678391,10.5447224324882,3.05385053424533,43.7593157788191,10.111203755327
55.7969260264619,10.1764687379841,3.02914914401065,41.9823288480068,10.6078925805154
49.749292115194,12.1494416951698,0.591009216952007,41.8662728072244,9.59397818282996
52.6939850171054,7.61681027157151,1.41827674140279,42.3500073259608,10.1768020814334
47.3021595372896,9.16315486784539,7.73113687250654,44.6360667279366,8.06481434713163
50.3386905199053,10.3407819755633,11.3903836711451,43.0901208983854,9.53478989872588
46.8687453351555,10.990505047211,13.0141324457633,44.2060610779544,10.1594532643371
53.4898224530301,8.2862100799828,11.0024198254414,42.2383464539791,10.3278860149555
57.0874404010027,11.5619849247119,2.00641662466781,40.7816435112172,9.64870328619998
43.6284701666996,13.5016331405493,10.6023132927432,44.2450377134785,10.4951545590521
63.8768107161335,5.81520238670947,-0.038985386525241,40.9408255872378,9.71334974145442
54.2901904973728,12.0850898964391,1.83466861240312,43.8401594525626,10.3036245557446
44.1732529831234,6.62737323407398,-0.0506652998658224,42.6937335061806,9.93449942897341
53.5526314357673,7.2952444690461,0.286763413359409,44.6189913683181,10.6687888866989
54.0252857960397,8.90261286819577,10.1199310403572,43.5861160566166,10.6265562440339
51.6079482555929,10.7134308031833,-6.92452745654981,42.2382465138795,9.96579763994369
49.4118446077132,9.70337834835548,-2.16708086542793,43.6923535728964,10.0786779768967
57.5406403184552,8.41339034913177,0.411651530260163,42.9824854890209,9.72910202338103
54.6212049162824,8.26600738540293,4.35157549159598,42.2012639000181,10.4547871592018
47.0119560310834,6.63359985733876,-11.058656169153,43.3510391844891,10.5117999425305
51.4693726767381,7.10027299970647,-3.65198024087616,43.4573433188896,10.5873146808709
44.3095362263406,10.0308211717232,8.1908209837109,45.2497908438598,9.57330731506894
49.2485694463904,9.63201208791005,1.73516460570259,43.8359680745901,10.0158398424233
42.1650430155649,10.0108786236469,3.9390525741506,41.7365883549172,9.85425083471781
49.7604879317667,9.96602471798623,1.88340765888737,43.7917181610904,9.07783870009144
45.2060051149145,9.56331826927703,4.46639563943747,43.0405018386781,9.65246142248111
48.2640326911354,9.28479598357535,2.91173312243329,42.0685229912389,10.8690874080729
48.0196665636684,8.99079225646731,3.09693079776035,43.4739919339467,9.69640625906612
51.1297660091071,10.5082033802371,-2.10853705839341,42.4710377548798,10.3092316017365
50.3918092236807,11.1389833090113,3.16757892234144,43.4948723577812,10.1238711163384
40.6110343563326,9.45486745881279,15.9239088468162,43.9472112812279,9.99640159166577
48.1496306390696,12.604840490992,-4.45706559105653,44.2788932845639,9.22491539359679
53.5092023885213,9.9672823534646,5.46246510109038,42.6693816588118,8.82070276443208
45.019429168751,8.24396660396307,4.84255302191142,44.1694361494984,10.1035016974481
48.756105382585,10.5991775218574,4.44822773609918,43.2132831539171,11.2839491917633
49.1670247567139,8.95745704880163,5.93585792097463,42.0610154737044,9.49235146228916
54.4865403148265,11.1156589286448,-1.12766786730575,44.0724705904969,10.2996864936163
47.991504545488,7.97034967170176,-0.514455858937387,43.2341802962145,10.4789786468965
55.0546556145038,7.09183787942307,5.10598621472169,43.2526414182269,10.6759165504833
58.9557950563623,10.1667323265656,1.82165869374574,41.3425605784223,9.5549922204353
41.6682097824434,8.18056631703224,11.3185115935306,43.3307537724275,9.86562265977988
55.6940126921416,9.85959459530381,-2.90558172299315,42.7870490953451,9.8841871323624
59.3930170338214,7.86394762123418,5.15422395767466,42.95558289634,9.78950828777191
53.5022402421385,8.42061302957597,9.15175944937594,43.0017964772008,9.88028259041006
49.1355378827738,9.45009629460158,3.36007816572646,41.3033274444232,9.60801060857257
47.0902280970762,9.34004081262726,-1.88476023710374,42.0622992311423,9.96381813930911
50.4131157756003,9.43013706299421,8.52161062601601,44.2502486505218,10.7627778693438
44.0662318467342,8.39180919063389,0.841789446446449,43.0983506266913,10.5034400769511
56.5344072641229,9.98523986230953,1.66992403969276,42.7805293088158,9.59209622896839
65.0299493280758,5.05278235621572,-2.33344578933279,40.6775629344713,9.84671537915355
51.8834918026203,10.1733403186819,7.8256377650965,43.5190635491555,9.62136994587171
41.9752641229874,8.38590289807359,5.76499851344601,42.0293683134652,10.1337979213477
42.3932197503317,11.9449128263435,2.26976617330387,41.2385601319134,9.824120291681
45.8992984227783,9.9744530132489,1.73476982050116,42.7455917942222,10.1089634240396
51.9256534731732,10.1588709528285,4.42907808149469,42.7003959854386,11.1174988776395
49.5334797066997,13.576647866422,0.82888543694018,40.6695585004327,10.2898628518783
57.4326094094147,10.4336202318795,-1.41302052067256,42.0839966816025,9.63261496570996
44.8499321829216,9.7410608372199,-2.19611340938525,42.0127718473181,10.0860875274648
48.6055762646642,13.2916251397078,6.34013077364663,43.2582863514523,10.211146223892
51.3890052231212,6.80195662382949,2.09692910083995,40.9188807059033,11.0958398548642
59.9885127465674,10.5635808158616,13.327317352245,43.7828965005178,9.79042392639682
49.5347580056572,9.07093303637958,6.01248084707021,44.003915628386,9.86698159206215
55.1472364134385,8.13287032564415,-0.635813172627118,45.0914499603319,9.79526453948503
48.7400255940459,8.53122809511246,6.81666392080008,42.5062588239618,10.3795665845755
41.7292676349733,10.8345856423664,-1.33018312060551,41.1155609749554,9.78854195185221
47.4900502650185,13.2541379092564,1.72114202285967,43.42717669027,9.96623823078813
50.1812964680501,9.14185830923969,-0.089477194826852,43.6501417422926,9.70493740192791
55.5704461809864,11.3680539877835,4.66185032590864,42.684271432166,10.7083698930217
57.4112544586837,8.36554527328444,0.947796777050684,42.1098788966764,10.7929697089746
51.7890428607704,10.5415125498391,0.415370457816457,41.7928835453043,10.1095977534363
48.0635364709627,9.76980224093691,2.27267248911324,42.1681091938231,9.7829893056755
45.7699556243037,10.5368815093684,-1.86262766942967,43.3214408941517,10.1969421785313
53.5289246176849,8.0193527935483,6.11428720619032,43.3108835316021,11.207095634327
43.4098452430177,11.5059911519361,-8.47446570110951,42.9024097333503,10.0953114117501
53.1865099309492,8.697371641422,4.00451163229587,42.5034765415236,11.2025551820481
54.7263555098223,12.3219708489722,13.6779112248535,43.3110580976796,9.72496973557229
57.4698236128624,7.52970528781068,-0.546956079515661,42.8140036021859,9.98856987230754
44.816177717597,10.773579747454,11.5062728801673,43.3460059011568,9.75524896041767
51.5648865716179,10.32524589023,2.459891051617,44.61543129867,9.58094454602594
53.6932499372235,7.6768003597003,9.75572653754516,41.3611821429361,10.3886921183649
54.4703129913882,13.5523427774818,6.00178771898045,44.175066956318,10.2854880147373
50.4740942781443,10.1650217736127,9.23747635241162,43.7266114325576,9.13610939937452
56.983359480322,7.43215538346997,5.59374656891727,43.5498140194543,9.23972478351302
45.17535414339,11.1951346003552,-5.28338228479143,43.6519888386197,9.18293602195032
53.1589596082491,7.47204316867157,3.18990865373061,45.2858947988249,10.3229394577718
47.248743563789,10.6178791976388,2.87866179373253,42.1970204842132,9.54438117110621
44.4678522547248,9.05619833674099,2.46530012207859,42.2296281943733,10.3985901838398
45.2179927659426,9.70396849355958,0.0221146900574158,44.9726977316038,10.3631762015132
57.6986145478242,8.20641974291415,11.0929718692455,42.0298724809033,10.1993539704698
49.6119082693486,15.7006441147529,1.1556662399562,43.5881393040422,10.2604482705054
49.7102693750116,11.532910885342,14.3572531231428,44.0759603658166,9.06066338902305
47.0362771705506,8.72679212449232,-2.78788587190258,42.0652366763135,9.55041187746341
50.710227338815,9.63933487879314,5.99234841334522,44.7845434564821,8.99287666149434
42.9740621049685,6.40360671510427,-3.90063667652414,43.5292113045837,10.6197512819168
56.8603798934135,10.2435553929071,-4.45927680512351,44.1766447005429,9.45194232805087
41.1719887503616,6.58227271710758,3.01438071740271,44.4336588001234,9.95614927070705
49.1794973642492,9.44573965942979,-2.48774627866245,42.9192729755164,9.58165800770154
49.5293987405738,11.1987471058641,10.4607617857301,43.4542817143791,9.83665444660337
45.0575825862315,7.33062025989345,2.51829003324121,44.6179463981802,9.55578071378486
58.6443307217539,10.8042172498543,-4.56587207171347,41.7308156071422,10.6400125593161
46.728859165521,12.0176385438101,-1.14173287760746,43.4455095445585,10.813916687888
45.5811328239705,14.8973385479926,0.68290682291959,44.1407690879931,9.96952581758192
47.4774715844763,10.6047805835102,-0.562397515929705,43.9084527364148,8.97161696202524
47.8150251816807,11.5092501674965,4.88364262766032,41.5988016230882,9.7201282069242
49.5913628249301,9.34391452754326,-8.47746966225722,42.8384304927243,9.77772385924001
47.1064359051522,8.59581246410778,8.57770770251926,44.1536818293636,10.1120701842629
48.5378128736645,8.02606237243692,7.89541961399235,42.7014652341741,10.1909434878195
46.7393504977422,11.1084400214677,7.37123865246415,43.4375541515869,10.3700500871075
54.78998899152,5.42377643506091,1.83584270329436,41.9033302907214,10.7541604590805
56.6763257837915,10.8191045235982,7.38854782451287,43.4464066679499,9.72052561488448
50.2841261542083,5.09329439837765,4.69688829828787,44.1399034217216,9.84944372253497
52.1024393447068,8.14306379017574,9.35791057368383,43.7897428545019,10.2105681576537
47.4702231864855,10.490355249385,2.50917459550024,42.6379139878706,10.6056758105724
51.3405824451699,10.15216498871,9.50884777216683,41.5172761329731,9.22005918974609
49.4818529173859,8.5898281039967,0.259122887222341,42.644231895215,10.5346146563878
48.7287355529315,9.15310831234526,2.52879861261869,44.3489852999583,9.24119008744607
47.0265170902645,12.2007695781982,-5.27163253051844,41.7392127793715,9.41478026898313
57.3940805844714,12.325845455717,1.34076267187244,42.5925760153934,9.47929063049329
54.4863065619347,9.34863947824969,7.58527115997867,42.6406916678935,10.4323977751754
51.7136139263349,13.4824013767146,2.7046815861494,42.4664221115476,9.62973198572436
63.5283360123137,9.84347380033569,-2.55573087090753,44.3768103554086,10.044036711673
48.8885483081411,11.2956981509981,7.86980301003615,42.6704344330058,10.1902580827521
49.4592305537049,8.51834251535358,-3.43573671442855,44.5086861889873,10.2602416379066
55.0372111115061,9.73272524668666,-2.4638575924464,43.6425449471292,9.89102863471549
48.9676182816627,9.39726184484226,4.62571556417888,42.2855252998181,9.84846780899434
47.415935996832,9.0328368152174,-4.28599026342552,44.8115213699132,9.84751732794903
55.1323315468025,12.7347979113246,12.7079642978298,44.446083456621,9.76566971238538
44.0627668530203,12.1575134517212,3.77440849152368,42.4191474573018,10.4762805185099
52.1527879977127,9.53197744367531,-4.10678485807628,43.3704939124181,9.66591325398099
56.3296078243061,11.6202250869169,6.55806636825711,43.1594542708948,9.90100865757792
42.0776540493773,9.42983655688003,-1.98228338353199,42.801790223092,10.2009780158127
44.1985964574526,10.0292299307588,6.84093494874558,44.2120852767964,10.6774462366508
54.1065192989967,12.7480445528477,0.225073252862699,43.2394436469938,11.1594887367148
47.6987062383071,11.4356378979836,5.17652053998745,41.7946866239118,9.57404691313695
47.108420945091,11.0233494112899,4.10906841290593,42.6402215394788,9.28029557490516
59.0464857528028,9.74053145199599,4.42819880771918,42.9978548374294,8.42173799421553
46.6783367139347,10.6966467970179,-6.51239502030561,42.5594992868832,10.3836472480235
53.8016611972355,6.53214341144713,-3.45826386809339,43.1944779637833,10.164915366854
42.0969738021101,11.5729089891508,6.86057794900299,43.6920982043849,9.67161635833612
53.0315981527986,12.0184219522449,4.14532804031965,44.6014341266924,9.94331509050754
59.8985815783888,10.1176149125049,-0.250340679550797,44.3879757104691,10.3260995704231
49.7166169938157,8.46957933332936,8.76805625524246,42.6082642388851,9.29901230462091
54.5159319414906,9.96863805086309,3.03113529156892,43.6330180140197,10.3292148996853
48.2743542061494,10.7893842705417,-4.05053209594525,43.0553739957515,10.307267648706
50.9176564919245,9.55450135568985,6.8172196643362,43.1712886791186,10.2644313342792
49.9944860328709,8.57335565815725,4.43053921440809,43.4555334902207,10.2788316256643
50.9893718807535,10.6621384228279,5.25560967329627,43.833946645648,9.49811183963321
47.5567002382548,10.0885517298389,9.95855559348966,45.2732831450066,9.55427679860574
49.3899469420191,9.12112538318926,4.7721166735718,43.3315641827898,9.78246608554732
49.2661424843802,10.7913957524606,3.37628720746454,42.761922896507,10.1434197830029
43.8676197680832,9.54660278928101,0.684457986300904,41.86957771899,9.78589525050805
49.9107308002822,8.73085511250195,2.7084785239719,42.3540992929669,10.1383019753162
50.0293187067564,9.84055288126048,7.02364642292546,43.1345552894543,10.4399117886248
49.0932880336014,9.50312388225463,-7.28868982273332,43.5790399590785,9.57480064730843
51.239485640591,9.15498835963777,0.188101892173446,42.6333749010383,9.90103882296792
45.0235627521644,11.5438134706112,7.37369352143049,41.5077505900252,9.78201939230104
47.8563855289817,9.62936026554708,12.2784843613815,42.6019539332857,9.73798462188853
46.6964757011199,13.4832504711797,3.4767446959123,43.0065657240486,10.4844607027906
50.1592499928062,8.54840427650512,13.3525492036887,42.8626946937303,9.58868857396737
45.764436536653,7.33995905805208,3.99805967769448,44.3224730558222,9.83076587238494
45.4050235613685,6.76719828783902,3.41820285048313,42.1751257868423,9.52343932879147
48.505629465687,13.7970817924748,-9.15632182980544,43.461803132111,9.85790600211468
51.8905649982682,10.9491839084771,4.34776450858877,41.3494886885855,9.41407615414371
53.0078721301977,7.97488199222815,-0.518710050744885,42.2560150720317,10.0403453826511
44.04168335892,8.17869328059037,0.412076590947836,43.8087581705946,10.3016121609457
45.6372656233924,9.56636584171595,5.07539725933371,43.4725955953157,9.84780624404219
50.129495724196,10.3550312029663,1.44515671789492,43.3223135664062,10.5014603604529
49.9778195715132,8.55913864210607,-4.51894929459887,40.9371242406632,9.49486538362656
49.2215587867821,4.43853369260006,11.613742018663,42.3899499645677,9.13558410700797
34.4762166009004,11.9485842479709,0.774401887080811,41.7968814371603,10.3321543726753
50.0338116151547,9.97768958608004,2.3780269057417,44.3411994656607,9.85182597012518
54.238783444036,10.5847423150554,2.78352589244988,44.4732561241602,9.1765461954001
52.2103952415874,9.59739032813191,6.22891556592029,40.4371709291047,9.68430957534112
48.2879282037876,7.86883941335542,-0.794628531964643,43.2027497981935,10.5561442946033
63.6580431104655,11.4284801663423,4.27310893027579,43.2396704175773,10.1765552641082
48.8776955475677,9.02115460902808,9.32784151883617,42.8313383831006,10.2550957645553
44.3169675289228,11.8978599003104,-4.53007724482141,44.2997624828133,9.87150227015646
44.2067573637275,11.1526393093734,-2.93850298849756,43.1026791436784,10.2980997885862
48.4446982106807,9.74317246622233,0.786057159761867,43.4978321007263,9.67788520668867
54.7455458512363,10.254467145214,3.22977993254072,42.623103172848,9.95907358365367
41.9670179259029,9.7656082764712,3.55454456600535,42.836985226058,10.0275007407229
52.6220381516765,6.42851368628305,5.24050612609123,42.2576184371974,9.79039621776123
46.4107457283203,8.31582863339026,-4.51460681690758,41.12724525841,10.4867235123719
49.740373370312,12.2061390819541,9.74035442694743,41.9040494962041,9.27347701888163
49.4319003836983,8.67747770962258,1.6436216649467,42.1314861329102,9.89942681003913
49.7477947262801,11.5348393890503,-1.51665105264836,42.8175478917639,10.1116109673685
62.9974849432912,9.68817459540704,1.75521244172266,41.8664162643391,10.2845134959798
51.1551114445948,10.4728778530244,-1.66563052380057,43.5180830180341,9.23727613653052
52.7344968302705,6.91574187627012,-6.83366404308447,44.7072685744574,9.71215509577703
49.7145892787832,6.46839050108148,-0.475420841256406,44.0757778077872,11.0363648289276
47.5730179514556,8.53631426912237,5.9773392280286,41.5412806013947,10.2775044022544
42.1746447001409,10.1771247355135,3.0021362841436,43.0247975025787,10.2221005391071
51.7605260631687,7.15331892859406,-2.60585391755792,42.9045645317528,10.6088594577922
38.3381737500607,10.9637065635709,-1.07782250402755,43.6973738253338,10.0541164207847
45.3937920332477,11.619478529922,-1.41842107129729,43.0519987524354,9.65523847045913
46.752425116884,11.4069608008317,2.53993264773131,44.0820327462503,10.655269328702
40.1394373709148,11.3439926035327,0.74446295806642,42.1921478958785,10.3409623656681
46.629566330359,9.78146355342003,5.53262084912633,42.3838106300359,10.279043898357
65.0595040979627,10.9412396878859,1.79878761949488,43.7049932468903,10.1332597557614
51.0611942181016,7.24320534835089,5.68235189117918,43.2107905383219,9.89733394667102
42.2556058050768,7.23162617560958,1.63899405063047,44.6536977571074,10.9158512942335
50.1183004314519,10.3698121834432,6.74301020408194,42.5304247365967,9.78461648486193
36.0732542701601,12.1680117098809,2.47409988884603,42.3754120261668,10.964799705362
52.2491803052735,10.8747424666564,16.5029413794661,42.9569673564557,10.327362747021
43.1802600304794,6.64875445858817,4.74295803367621,43.3695286338195,11.369420800937
49.8369927612372,8.83830899323682,1.39118209373952,42.4306371542758,10.7061764359306
52.5302639477927,12.5643851636734,6.61260360257744,44.447532610411,9.22854762599934
59.5938535366599,7.37811300418546,5.48779947372826,42.1998379107423,9.71495455768304
50.5195475683491,8.49186939523551,5.93605845003637,43.4900299168075,10.8271162374927
55.9456472914396,7.93619284692528,8.94868144257532,43.5563164978982,9.8831364812511
48.0582168210655,10.7648788669766,2.89744314935755,43.7170864566166,10.1071162504688
40.8028228464745,10.1563594850059,0.292009701273181,45.0033783063042,9.92348529709288
56.1433704388956,8.81199095394184,3.29648258274883,42.6003590921097,9.86809846855923
47.7429060830802,7.49579079791646,12.2067336245081,43.6262134339654,9.97303630737397
50.8640804400033,7.16413562811428,6.85194920125083,43.3827377822188,9.59783857797673
49.9256705709459,9.87134855373653,0.574237964811289,43.443629987899,8.89029934309172
45.4435750213778,11.9845538077371,4.04883523186051,43.6357831013491,9.57125573970783
50.2938697216503,6.86951064736232,6.59851353208454,42.5535026585281,10.2999625617689
54.5740069928662,9.71271898518934,6.13126409222021,42.94221492707,10.0010141463254
46.7039243901399,7.2994221487782,5.96453002257032,43.5920216198983,10.6069440056169
47.9997344304248,8.06767141088026,8.13335920276411,40.6530540970395,8.71258746649613
46.4068393514119,11.4412394634985,-2.60695727209378,43.539914163044,10.1704403945687
47.0388265788892,11.1943503861067,-1.88857580581143,43.2245098322308,10.0330783016286
56.249892887158,8.75072567053519,-2.84951411955388,43.2393638726258,10.0639424468257
52.5917925343582,8.07904048417523,10.0287454385184,42.5090102224286,9.79168940712268
49.6295589125153,11.0677170580346,1.32613643379284,42.1681686051443,9.52051554680025
49.5490526335023,10.9970960166045,8.20298179118863,43.2536323796458,10.5759308684191
54.5117281689522,12.5198118190621,17.8790421814724,44.8956328545905,9.72777649204995
54.069024237238,11.0861637164665,-3.60612333565504,42.0118029255564,9.94755117468747
45.0181932492474,9.26825519359886,0.0279811956326066,43.3500261998224,9.38396080323781
49.4285483737716,11.0541343208497,7.32134188694532,43.4543875762411,10.5163907690386
46.8148211477685,8.75419433717711,5.31853097198329,41.900941594447,9.61776590461481
54.8114830109809,5.75720153089842,-0.130529639089298,41.5961880667273,9.7559812367798
50.6266972223057,8.86217579564165,13.1331828791793,43.7409194611205,10.0421778480101
52.8391861769775,11.6624280804164,-1.55412479219352,42.7567486376112,10.2605685793968
51.9776763771166,10.9573853635453,6.54875766426288,43.5370465302435,10.0126424821507
59.3658574573365,8.87123120579844,10.940280732374,42.6357506308436,9.73524034872988
43.1174677868739,8.19061772023517,3.10014156535368,41.5318331722182,9.36725172534827
48.3509626527555,10.1269506836927,2.40791310779775,45.0795091836378,10.2497490850592
38.4544057153475,12.9119543517256,7.33424787896725,43.6803469795092,9.05780834229674
51.5553389998841,8.0081836538436,-5.64144685168814,42.3515179794676,9.71798991565043
41.4498989077158,10.7782265458063,6.54216626961846,42.2888465451211,9.92922650570888
50.5806521936703,13.6335552883577,6.53127256341931,43.623846493342,9.26968984262715
37.8301060724055,9.51097117874823,4.79634448677743,42.949195426602,10.1024178922879
54.1149202717374,9.36353753623047,3.62976270988328,43.0136472439253,9.99436067663669
45.4227891229158,7.77557081276639,2.82386726852448,43.7490418717685,9.86570755757819
50.3119994138174,10.0243914557235,-0.03146635543398,43.2435798453659,9.65983753872835
58.7768793106754,10.7320990327192,6.49875229766798,41.9834696954311,10.5506746974958
55.5952401829597,11.4703316916928,11.250078696391,42.8015727815556,9.64626355752574
58.6899352339115,12.1576826534552,6.23101431703722,42.9652026400648,10.1464357087169
51.6758768610382,7.11749419567339,6.67245285309954,43.5980868394836,10.0939120531139
45.7835443672946,6.62705096054933,1.45870684124065,41.5119725259331,9.38768084065737
45.5717631119015,12.8188364913841,6.16935125567153,44.4726734725452,11.062692099629
45.9378303253617,9.87258756160319,2.58575625276958,44.3551616733673,9.63462071772226
51.2123738564342,9.31537855130422,13.4127755933605,43.7635915092387,9.69207791985246
58.8130368979806,8.66413780442015,0.192444255650188,42.5822472227225,10.1811051309918
48.6062245633256,10.1329471006336,-8.79106291384574,43.924362361562,8.93711707503215
51.7227444021138,12.9900110552667,-6.68524687738126,43.7430240250551,10.9499167316788
47.2027642828852,11.9945723933387,2.80937740270737,43.0367081095076,10.0995653309636
53.6378362812432,8.44386638946473,6.68185686774924,41.7749602018748,10.3364673052185
49.5720358998983,8.81319483886631,-1.74823635493491,41.4717611221404,10.291729840973
53.3372263378399,10.1120177396065,6.79348321804161,41.8576581113236,10.3825311272158
54.0847026651062,11.2016502481749,5.76523681232936,43.1445488247328,10.4767227371283
52.7221071300708,12.5444438093716,-4.75023185048037,42.4315293648106,9.87364282879841
45.6538570239948,8.92763089422682,-1.64903246116938,42.7353505965165,10.5838921268701
52.0618263228757,10.2274875944426,-2.11627670364774,42.3597669779614,10.4840228386575
53.6485616945034,5.55773803619405,0.00869349456267265,41.9351944678255,9.42474453042136
48.9371583739425,15.9750816217397,-2.37533588728166,42.8370425257948,9.2327614471484
47.5006831874479,8.44553910414822,-0.672862154717549,44.730988140546,10.6711092390314
44.9642362100014,10.688291809082,5.2609035712131,41.8025406619506,10.3289467390682
53.8213574676605,11.3016934287347,4.57413652971042,42.4791980637982,10.7987893066978
54.2827932694613,8.95201636409363,10.1215994600467,43.6561561967694,9.25720388692257
45.9881852566882,8.3067589861031,-0.323485193607815,41.5155039236106,9.62615984170511
47.3813789664062,8.59960240811281,5.89631336250237,44.1552569124067,10.8155112566992
50.2749723139869,8.9224979221673,1.16007713470536,42.8013919411059,10.4482571566398
55.1224735380499,11.189437439529,4.63705870557665,42.6396899895004,10.4282018888821
49.5187202809839,10.9562756518648,-2.89318424762518,42.8817147291383,11.0526189163664
44.8085031812425,9.2860466155043,3.33457421491778,43.1471775416153,8.98244146847868
47.7284342949544,14.3134676645276,8.12389376145456,42.6800048870815,9.82736632970737
56.2392991760384,9.88262076875584,7.49968093145522,41.8825350082692,9.3113235211863
53.847113065125,10.5573960192728,8.09913088094569,43.6279203307772,9.97320983948216
48.3776842929653,14.9476755629031,6.23675723140303,41.6058137702176,9.94145969058958
44.2239218879156,10.3735288918435,-0.671707448386825,43.3827989608492,9.84028504487999
52.7111702004833,7.97048975375063,12.1209614885549,42.8954828340325,11.2075440165355
50.3624393660776,10.4786603320977,7.60721889015013,44.00905855118,9.70533543502683
49.445568483114,8.74265401829138,1.47382831552998,43.3332873360256,9.69242620379801
47.5156259560428,10.5941590193105,4.80941767959597,43.6202556747438,9.12901682752462
50.3313291815874,12.2857440129388,7.99233487470387,43.8659002207417,10.5261748885239
47.9694216144519,10.7626859998276,4.89180966787135,43.3225151679891,10.5461503628471
48.9430783320263,10.331223681871,9.60181964648986,44.3294924264623,10.5721841392262
52.1367485098956,11.2982491172886,3.99874676633589,41.269081568838,10.5174175224323
41.4637527403977,11.0819932213973,-1.25074236594224,42.5886240115026,10.0443490785792
49.4088789292812,8.26597960461971,3.15835518763392,44.2336095461208,10.2844737047111
48.3798311309322,11.0274466059549,0.145527676116695,43.2915011326586,9.80076647263497
45.4439628744589,9.46942911043521,6.48530754199821,43.6604626577349,10.134512609507
54.8370811236714,8.81428828735477,5.40165319482651,42.0514363747551,10.5255567971538
49.7261948835429,8.5847380181955,8.59854083551428,41.4425306249474,10.3158545240357
58.0772947089096,9.76231235252773,-1.94763822198908,44.2970656493227,10.0535549964958
49.8087230245369,7.12696995323755,14.1684628401857,42.9053911713653,10.1586117261487
45.5007160452612,9.4318115282095,6.00903556195894,43.2554191310599,8.9083638381097
50.9175066746215,13.413742556617,9.26466265461908,44.3379358693324,10.0912082379571
48.2564492468894,8.07371602932533,11.7370283035186,44.0531096454033,9.74577236431112
49.2976878493522,12.2872404112165,4.3447400864573,44.7616734064573,10.2279256013919
45.2268992140049,6.52058698345397,9.84518459357667,41.7961840071656,9.89968461791985
47.8883300009313,8.80164982693671,12.1146816118291,41.7694195573115,9.85027769898289
50.4765817657471,8.67968344509818,4.44127558740097,42.4899613793127,10.2611252450107
44.075570065973,9.68529127905091,-5.56871768776612,43.9383793912678,10.0766562789962
49.8542378873437,7.46466220243522,-3.81970319334084,41.7135878569227,9.75264953033627
49.8178188034163,8.29573902631147,-4.36865891255573,43.4123085365718,10.8875170183204
43.2461244392738,10.8053607172599,0.614471610685093,45.2681779966978,10.1303317814662
44.0633833641631,9.33932870353332,0.708377688631514,41.6857598800734,9.43254268087301
56.845939173552,11.6552314467731,3.45150386530703,41.6015114227235,9.78224227661006
52.3314258348809,11.003935063224,6.07999390284193,43.0106408547807,10.3068136866593
35.8104724597337,11.6197056955091,-0.821818965617902,41.2801007964372,9.92118610336283
47.6980213168305,9.7459142571217,-7.92903935190704,42.3967672521663,9.06269222369021
50.9641144583068,11.6497314011186,5.95633153532142,42.7291581665994,9.46548752084712
44.1634601624557,11.1516262488391,6.5840104331727,43.5098379965606,9.33603699180855
55.0218460688668,6.97635748034653,11.231801515764,41.5798761554094,10.2220898061867
50.7806757927313,7.77025318954459,10.4752548817258,43.0129753889558,9.8511515600889
61.9000218803082,9.79538437082818,1.45676277232313,41.2556075326993,9.96855160987398
47.3853866029383,9.79488185239501,-1.48276876300773,44.4774397295282,10.0487283937786
53.483746475196,10.0663647469015,8.28208186247592,42.7244255979335,10.1624331033985
51.819861611407,9.91551158968521,1.52464637049952,43.6120763532798,9.57795052074017
58.8519072070356,10.6725107682553,10.0645506205651,43.2308805598346,10.9767321276044
53.2792219749321,10.1479406892144,7.47672279953143,43.7969748145401,10.0230908876558
47.749353765914,9.2750724725445,6.21231623417422,43.1630551414383,9.44140848347291
44.0395178747607,6.20365661306138,4.51407951026289,41.3304660891013,9.24535805753342
47.2811769969841,9.27693575456291,-0.544055502073671,43.0143963475925,9.90666967910026
48.936049356183,10.2299468849281,-1.5160949724365,43.251997735578,10.1384804359421
52.6262705390242,9.99379640148903,1.24471743657399,43.5499855017543,10.6726454317061
54.8011596090343,10.5340332433373,3.40358580983441,43.900645922263,9.83002351999806
56.8828534840916,10.3858733441629,2.65677093722024,43.4021919110121,10.2123527157414
52.1025885545184,9.72464624523278,3.12566277400532,43.2609044192121,10.2956917290882
53.9687459547583,7.98304518581434,-0.383643047690567,42.9495633483757,9.1090275359567
40.7514608924353,7.69680819055063,-0.791496542444448,42.9905708708352,10.0009654840572
51.8654286846506,11.9220795607596,-0.246789923219468,42.1542556252836,10.2851762096371
52.466531460188,11.7496964426854,11.2234647465959,44.129004140511,9.67676712217634
58.8992203443161,12.069677140278,3.00541188098098,43.2111620526756,10.6449402450064
57.3038750101138,7.9510893913994,3.0210823173769,43.5718319386008,10.2786653079417
48.2615506139549,7.49947891127683,7.72101140432559,43.7068872351397,9.75030039548459
47.3435609419518,9.30483987032585,-2.26521916265645,42.0459866229204,10.3900116196387
47.8613989656207,9.23083885171989,7.25338492365068,41.1804057676763,10.1646335716259
50.4029344161071,9.69554709858933,4.13524337339591,42.0113098842068,9.6263351245676
50.6182348844854,12.2258765558901,2.85612241187198,42.6215517620585,9.42093001365433
47.367584744625,8.39359612890339,-2.81753165019525,44.4946409464341,9.44084261657339
46.3782856512114,8.50671691419395,1.19317040796534,42.9619503980931,9.25368054655829
60.3876136964815,13.5017776450575,3.13245552211758,41.5743637216628,9.24318432213325
53.3234589695406,8.81528437236663,1.43350031956341,41.8192390836079,11.0492649430118
49.7998696988212,9.20347580497935,-2.85278465106827,43.5188876441761,9.26625577785624
39.7190917860708,10.5057635157909,8.86339865363921,42.8735786438502,10.0245918044916
53.5340884873326,8.17733323838912,5.84058232198355,44.4366674450245,9.63166180611231
45.2835414971546,8.65486270788371,2.42388141254347,41.1054384264671,9.308010006856
52.387271324964,10.6116202553126,-4.80989415797176,40.1452537676807,10.2508298515334
50.5661850421134,9.22398616593205,0.542151334534098,44.076672359818,10.3295424934724
50.4138044414792,11.0884562600247,-5.04655122798236,44.2488266652297,9.41325611118023
54.2355595936524,9.23395426188711,2.72295075286035,42.4997052533694,9.48295232486177
43.7743024510139,8.71712224901241,8.88130307878703,43.2126093219874,10.1178329700022
52.8033806093578,8.1438068032046,1.42188812323294,43.374997167021,11.2010025542695
47.0330793403997,3.41113984955302,1.96249299684716,42.7171766103792,9.69654404226139
42.8169139866889,10.8444254870534,5.15914186760899,41.6359632111831,10.3953759160656
51.2499523392926,8.82619777383056,-0.0609544971578111,42.6769035259443,10.0926727838799
46.8338843620912,10.3052703550137,-2.29596366658737,42.8436889170858,9.79528186877994
53.2262320599171,9.00965086576859,8.31328274571511,43.693660478383,10.0550187795602
56.8574291468374,9.27881672102328,-7.97693481411522,45.2396124840968,9.27475305723717
52.8368798458434,11.2123041985735,1.37778211118532,45.1517684984717,9.96385028490058
45.2272131779391,10.5478078481041,1.29828215491077,42.5371648778967,10.3306395789667
48.9660532039024,7.42179725896897,0.389904959421325,42.8771457549844,9.85909866570185
46.1381346294053,8.23121078447379,10.2219924725419,43.5559245494197,9.53522303273977
58.0498155860519,7.38194768467117,12.4367483209184,42.9103287147787,9.93608833913395
37.433844163681,9.37688335376508,8.77827641133765,43.8629970193816,10.0223478398997
45.0254209687271,8.69770291631379,9.62304209202913,43.4357990270776,9.74533066505573
44.7516885031839,10.3228944731714,7.92491119937393,42.6759505098517,9.54793806710182
49.4381345169362,9.49287541705492,3.69789946926716,44.010112158113,9.796482984464
53.5688898912276,7.53039283048976,7.61859187766234,42.1938210214887,10.1488122931922
47.5738933722003,11.1643594878229,7.19558566465319,44.7940525499485,9.62178135494071
52.6066185223993,8.06113529287019,-7.80979839652833,43.3041016678575,9.53381693157849
49.4360404284386,10.6499658446452,6.97412272356854,43.9431444370264,10.1054155510636
49.5638368450313,8.28231886800762,0.109784004889367,42.3762132626892,11.012976133328
43.7508096148279,8.01147676170865,-6.01751807451443,43.6085037825865,9.79299180634108
60.2456195441512,13.3487326133066,5.89364986748991,44.0056518324576,9.67257339352465
52.1056200477016,7.50961568167268,-0.795870196894836,43.396701261829,9.80331822048628
51.9015407870645,15.6863677322649,5.8318476872004,42.4826457830849,9.66807380477591
50.2474965109031,10.6449380116396,5.37759311851727,43.1848897404289,9.96971304594082
52.8807362494719,11.168822504318,4.83669689457643,44.6579862798807,10.0564879071542
44.5247918824195,11.4219140123783,1.78928234563418,43.1583752473333,9.11248367797794
53.1370072186448,8.31176007938313,-2.19343820294561,42.9633074742404,10.1585850556445
55.1831156006277,7.5032185436869,13.0265140745876,42.4901397623998,9.81755877583304
49.2420621784757,11.5743638889992,2.3127681569963,43.8606766033989,9.73644914250734
48.7575918934058,7.88726028160838,6.92822931672282,42.9307274748914,9.56604432261886
49.6019872947851,12.6157941065479,4.37068970090832,43.537427246917,10.4187110766317
51.3068659275525,10.771417434182,5.54335462849864,42.9701457391618,9.69646574921327
59.8269310336284,10.9294512610583,4.97061444213752,42.5357315099631,10.5796249738667
50.8682184914379,10.2712676223575,-2.92840603021308,42.0924763065348,10.1893948520268
46.1491365538732,10.8294450895467,-2.63142757668189,44.1514025256191,10.0424108310838
49.2010791192292,8.91971632752267,9.78282404162488,44.723225109858,10.8194442452583
48.2861729914923,9.71040575668205,-4.21554988049413,42.4162892076464,10.5407781840709
48.6711969095867,12.7155672849371,6.0257834689657,43.5386608307304,10.4241424405269
61.9353216460683,10.8908358333576,-2.65417604013887,40.3299778691551,9.56859594970947
49.0858480677725,7.67391402105973,0.211433809025816,43.4714471063279,9.75631664792604
46.2120114403525,8.82935350497415,7.39780255325161,42.3542163645548,10.415657600304
47.666396541528,9.62032170001933,4.01059422103584,43.9875387747785,10.620598938019
50.8825197048683,10.5534211425501,0.717228544972399,43.6857611462364,10.9710390358087
52.3357452679666,11.3176816104727,0.339348745759193,44.6437929765569,9.95058424138483
45.1617162096142,10.5532417520772,9.25189163592637,43.6451686995277,9.70615616281577
54.7433027005859,8.41716985403943,-2.729691839137,43.0682810830811,10.2737835565744
58.8480020301907,10.5054660658849,-0.0826892770199632,42.9280010306019,9.43783872029196
49.1880668321119,14.1762353832844,1.31386865519868,43.4718772513551,10.0463973098778
52.8024713965361,9.1775336003759,1.1115432690407,44.385460336994,10.570716095119
49.8105632008357,8.10300594293855,3.57349258875807,42.3233067663266,8.9102471578747
46.3251110830038,10.1942908095498,4.55375728542234,42.809977066946,9.98664350427355
53.9069917229295,11.1839251501662,2.73072517601616,44.5906673539724,9.81074204166616
56.1561158236861,7.93010887927211,-3.15458361209019,42.5945142518184,10.1419586437038
41.8533897010568,10.7751274319717,4.74047635543887,44.6914928976346,9.93316790029546
47.6250977489698,8.09717467926187,-0.222922738800382,43.7356552923848,10.8906492494932
55.305675292303,11.040659523778,5.7628100298998,42.5833363785302,10.055252515722
43.1326014475082,9.12785195006654,1.93433259871156,42.9077271650979,10.3566744841336
47.9093008174912,11.0100299629632,3.75681871271719,42.5026097347161,9.91946736493091
49.4495125893222,14.3982489262658,-0.421842006628506,43.1271674487427,9.74985613413463
49.573344698263,9.90836015492407,-0.579900760819,42.8410887401324,9.46474528905193
53.2020406856027,9.63959116535489,1.62355793794485,42.2561002273879,9.94247053951583
44.3802936159691,6.9072204628751,-6.12062053898864,43.4435977299502,10.975632545663
56.0831083704298,10.9120912513043,2.77882969172159,43.0509860639488,9.63510943760933
51.2253220266893,10.747573593872,7.48193464867481,42.7079982198621,10.8476357882344
51.3936815689367,12.0664324477626,4.54493455292877,43.0613632339564,9.66275641655846
44.7739160521234,10.9385528077471,9.5875859486409,41.8635304861561,9.78308517537057
45.7428725154262,12.1409584902693,3.17755151929632,42.4167266613337,9.74099860675577
50.5652965444921,5.82263303303952,4.30733032684066,43.9442291572939,10.5252748210621
51.2682794390524,9.68122611575011,1.13532911526034,41.3754190299055,10.1733025270481
51.2964204166453,10.7327993031898,7.6491837242938,42.7785416406931,10.2953495461298
45.882214176904,8.93704296275703,8.86724812727067,43.5368099332341,9.86596457951464
52.1932407397694,9.09728756160251,7.62025536582088,43.6821454766362,9.69871046994786
47.8207891866384,9.03913318644849,5.02181489565324,43.4490359194995,9.94795938559029
56.5131886088148,8.79470290927917,4.90598083213861,42.2904259874163,10.2788692114769
46.9695648557633,11.3170268453292,-0.786420850398189,44.7144679027246,9.25487143358926
49.9310299828463,8.7327567033002,-5.46881513314998,43.5606265287066,10.0766410550739
42.8156023224843,11.7148232730896,11.0925893063751,42.9889799680861,10.1381449853088
50.0255033817628,10.0511691891165,9.8072362320166,42.8816831243563,9.91744945680187
54.3275273773785,9.03073477805842,9.53717715171917,43.955838078867,10.9204366163587
51.1462878423469,7.08197002985296,6.70008429089784,42.7672550387946,10.1931239471574
39.158852126121,10.0978594518046,2.53574687531067,43.4751019864628,10.3862236613906
51.4333055741718,9.30973177872975,7.59314921619528,43.7385195191708,10.3324843494719
51.7492880826625,7.19097590637069,6.17890863181053,42.9918670107908,9.33632328243006
43.265791912224,10.1740839835996,9.60569847264787,43.0727183750103,10.4149757940473
58.1246054403431,6.93360122919186,-4.46631132589745,42.3895557193691,9.87129166971145
51.13217758898,11.8673878472507,-1.54883832491637,42.5252137401079,10.28494319424
49.6205636605798,11.8229335373979,-2.2788600216761,43.607994384177,10.1950159417936
56.9050600808841,9.78512398856846,10.0710563580993,43.0789280500899,9.86302971082337
60.8237745190472,5.63781580780858,4.99356862219428,43.9593846418832,9.54592164996752
46.9052628526525,10.0858477831253,5.02379502357928,42.1981449558335,10.1125690057158
47.7824304203545,8.17960112154313,0.421701662608122,41.7984698757103,10.1778473085992
55.8308890592304,12.6587494554616,-3.35910966640047,43.3909038369906,9.49015868793642
50.2862866038982,11.23832044142,6.32507099010318,42.615471560139,9.76004936843709
39.1604651363284,11.335287473839,8.91356841079373,42.8867783445183,10.5291100715797
52.769402762856,9.15873589209481,10.3975629418628,42.9254397916774,10.301517467821
53.305452551788,14.2037064702565,-0.420353371453729,42.74869174679,10.3459665342323
53.3066715112119,8.11433577156216,3.45758110731373,43.7657027402455,9.71547717078861
54.0733213999092,8.1948559758514,4.02009145569268,42.9469260403388,9.34586655450628
46.3229026752864,12.0019244523114,-0.701804461229806,42.4593130849922,10.1874665003241
52.4864994017414,8.32699163175928,5.2070116355503,41.802219611443,10.0667063216155
48.3472230242328,10.2306554263859,-2.12903390903122,44.0522269897747,9.34463565355795
46.2380771105761,9.86476241412086,5.28612367054292,42.141360902896,10.2322994260033
44.8043615171131,6.9285208046347,0.881081837714545,42.7490538425844,9.76760294175172
40.7998307890145,8.06933178454214,-4.67245889378848,42.5792653052762,9.53365952023634
57.6284436222059,11.2672095835599,7.26621441750336,42.0767808821822,10.9708046053399
41.5802934584502,11.1037841167106,10.5210283710276,41.7479900828925,10.4072427448091
51.4663500348518,8.64384506489091,7.31529011970129,41.2777169912933,9.01419039789734
57.4498208348217,11.2724438111769,5.7331575879272,41.8889751481181,9.88578830409504
53.8401365846261,14.9175545735388,14.3337374579727,43.751429535735,11.0519829281809
54.1595410425483,14.3498724138699,9.68259487212194,41.7634097124442,9.28015991746874
45.7588762545281,10.5411475731552,2.16676812354849,43.3340006130192,9.4769933867845
53.1461925883541,10.3329833354409,5.75036466643723,43.8259938151965,10.3589651334079
54.7168894427785,12.3137300688442,4.02728876333596,42.2464829365413,10.2929324906234
43.8894019113117,8.3897001433496,-5.41562081758754,42.9945151155224,10.1522225272859
58.6622866970713,10.5486399573714,1.88048959218506,43.7540963637867,9.4489324297262
46.4872072436515,8.05276674576204,-0.633529212222683,43.133669135203,9.89696669186003
45.4487487142801,11.3275803660849,0.699287730797471,43.5976678046372,9.6792693063787
49.9327115400438,14.4622266397542,-4.13313398924826,43.9293635153538,9.66320817100989
52.6021658639719,9.28192403103628,-0.0711100029806939,42.5735485890416,10.1165526055292
48.9041525004027,12.377084256024,-6.47040822108463,42.9459414733468,10.0372038568387
42.0536517544957,9.98397064704531,0.850119392160368,42.9055596124719,10.1804391213055
52.4594484342806,10.2406851343881,3.84605715588593,42.5945162815047,10.0449177328126
50.6728946310306,12.5442543474872,-6.876771997247,42.1248146356616,9.7428742589957
42.9668377748873,9.89232752095748,-0.337302856627752,41.8394535134071,10.497727123823
50.209990772069,9.07477876134587,9.26423323656645,43.9386092716124,9.51861138447269
59.3993031960186,13.1023113162311,6.04794420447025,43.8664317368688,10.171338043456
47.6095994942037,8.61170003577391,-6.06662737524447,42.5625701469512,11.0279914731929
55.7112410018136,13.0312510038918,10.058181561753,42.0004820763399,9.69635556626429
41.7752334685743,10.2094065552612,5.4794362048686,44.0849791296692,10.4065516034768
58.4837258779188,14.0169945616919,13.4683174313659,44.7532976926811,9.00819027737496
44.3384351166826,10.4685190342622,3.75550992315921,42.3597013356621,10.4723742471697
51.3255996481311,10.8913688740479,2.74501239168595,44.1692358660636,9.03561974009094
56.740765564802,11.3078269435965,-2.18171713130531,43.0295919458796,10.4842479181891
52.2611694688507,14.0555254746673,-2.88283017830684,43.0147579402752,9.88652935552487
54.1159507372616,11.9480076663481,8.91850318025071,42.2331838018035,10.2527852039721
49.5636713791967,9.41070634619062,-0.449581000780735,42.5676884296086,9.9402318646264
47.935593505328,11.7661792864361,-1.6205403110356,44.7465620349917,9.49119273026106
48.5200393621926,9.27352203992197,-2.49204151674163,42.0835042029079,10.7316234568943
50.9631548791953,10.3856161885867,-3.74736247809692,42.0957848698424,9.23430121302742
39.2120563549079,13.1026194808706,6.27565034200223,42.7092300034758,10.1924578932927
46.2299476202482,9.40576109455757,-2.23100654508839,41.9060717102024,11.1096771081643
54.4749836469928,10.6527494983635,1.20782740848102,44.730824021152,10.8248329211376
48.017045792519,8.28009411138675,3.69408537191441,41.6501083200165,9.68526153279036
46.9438166362019,11.0633074474008,3.22228343948257,42.5218831768059,9.91897467787084
50.8735658952414,12.7903507371137,7.80364075185399,42.3994900174623,9.35019300360123
39.7590236846802,11.3134149990812,-2.03282040558384,42.3928932907308,9.80720063064375
54.293635124502,11.786783691725,3.5999617184236,42.5797729237307,9.25991308965352
52.7713152678637,11.5416377079804,-6.77965907170107,44.6204300524013,10.8827428721928
48.7882979933945,12.081938161521,8.31030557361676,43.2172856308032,11.0517238347731
49.0222806785252,11.242086621584,7.09185056247795,44.0923064744739,9.62587413513526
46.4169735276612,11.9048517051997,2.17796649261834,44.8228443799667,9.72381648949525
54.6816646656908,11.1053846395313,1.31971372876154,42.4599484115253,9.81011623852392
50.045084494755,6.92865579555006,-3.16152112687724,44.8470847025019,10.1720528367573
56.3208019252466,11.8208581725564,2.43626853262005,43.6456982107317,9.93493934113334
50.8725592155236,8.13287872569613,0.416134265715808,44.4387021551499,10.2745841494891
45.6327005099722,7.72081822373516,-1.69410053646441,42.9893976439602,9.53354857334753
58.7990264323746,6.40669108641195,5.05347593041851,42.3366600130603,9.62587487114544
41.4421711949232,7.90461747216316,2.17720229380742,42.8328082731873,9.81747635737138
43.1681470055401,11.3238127642966,1.25030930870227,41.6934261321717,10.3541992470369
50.4125472414785,12.2601023719078,3.63058892118749,42.4691925359614,10.2000299507473
56.0376622491364,7.40202856134318,-0.351617939618001,43.3429823699484,10.2109619165982
44.9628358442217,8.87073560940714,6.82520613261895,41.2239403076723,10.176049591886
52.8112770786084,8.73628691143855,3.89108901481954,41.3256286467877,9.29995733028239
52.0622584797215,10.7204798469969,-3.12489168089922,42.3532254947482,11.1510018255447
53.5061386299146,10.6048119585693,-0.0399608069597512,43.6783204496946,9.97952726773798
54.9021933345799,12.5304243776649,6.06538427283356,43.5353185247974,10.2980810884163
51.6748455165695,9.66310387862129,1.49530879426266,42.8477473266088,10.2535347776245
51.9966928082893,9.31360365527105,9.83113007732497,43.0540464007338,9.84142052967888
42.0210023588665,9.43066232495786,8.41602199047795,43.3123936143084,9.9108034861473
51.1426181780684,10.1689781516958,9.35991457978618,43.1810079223678,9.45590400835916
54.3528846875215,9.30993206089621,7.71243237565847,42.7401895720583,10.5583397340914
50.3999484658233,10.3499175707904,-1.47856995558695,41.8204482824172,10.0646841743987
49.3088905997536,12.2651409816217,-1.91892967638475,43.9300719020722,9.85957260688898
44.086170741563,12.282540195014,-0.179442630617654,43.8220315337874,10.344203120158
54.1998678453515,8.5896479648201,5.73661610988479,43.2133455853191,10.1697812384467
50.3410218242588,9.94834246406876,-1.64735485263138,42.482165161317,9.7728533066815
51.9416277809348,8.61129690427794,6.07897161519912,42.2944162409634,10.1726901164564
45.7695972317135,6.71697684373054,0.923987185513327,43.1766912018266,9.8133713390568
45.4654815379524,12.4773141480364,4.07402794971076,43.904806364084,10.0663757276511
41.0481112255314,7.89611234852059,3.54811208404287,43.4193982097533,10.018977756179
44.8666444427877,11.7294776077509,2.35709179702622,42.2232466579566,10.4497855664517
50.5106317702172,11.5636052849708,5.79771472422915,44.3415097004715,9.70818499074731
40.4185886184113,9.87135847040172,6.71824866882046,41.2946939481111,9.91038878581951
45.7567400146305,11.1515403729675,2.52571895896707,42.07030610632,9.66914747284843
53.9957406112537,10.054715374143,-0.281342777201488,42.3961309677467,9.72317425217886
51.5978057179736,9.18011980851915,1.9888795269583,43.0222970227681,9.3450057352677
43.9449397445814,11.4519097159219,0.973334085379709,43.192836019734,9.49487118877416
45.4287237330766,10.4905669506141,5.62249277143918,44.2534031582786,9.32201247998357
53.0937664065924,10.6636541744086,-1.53524131065767,44.7869849635221,10.5460097478211
54.4427211840186,9.73768456278273,14.7133286418327,43.4493682642612,9.4960254771121
43.6538186612441,9.02563627001705,8.02519074897851,43.0908136319944,9.4973094501894
53.3692428737071,9.61558682935331,-5.02758629677142,42.1030019208676,9.8207952219095
56.0256756448742,9.50455645885576,1.24645918137667,43.7217470767375,10.9176899292946
36.9275769803379,7.93169494412093,-2.15797058407267,44.213842485456,9.46726320308207
49.2598299614383,8.10250201653275,2.43340275845541,43.747319924088,9.51114081114121
46.1701191083544,5.17319027524825,-1.46606914180193,42.5110903341529,10.0786173627939
50.3721147027094,9.38689012231649,3.6110956059326,42.7298443236635,9.80719764958971
47.3026792024692,12.233704896436,12.1714828659128,42.3486405448468,10.6488183527501
47.7973617999743,10.4563301410685,5.64843711166479,42.4780730101935,10.1307788100453
51.1260923902113,6.33038764803519,-4.09633759380872,42.1760870196805,10.1462900078648
54.5898996083812,10.0312112518888,0.338844361637523,44.0007622484936,10.3578077129313
45.4779101606253,7.24945766112749,-2.78502871584012,43.8907255596555,10.621276074912
46.4113256285453,9.17669652688991,-1.51393905646,43.2353999197069,9.24499014237356
49.4347481402727,11.9362614958322,9.02983710370864,43.1064415945736,10.2050825245552
52.9137482750461,10.6064426437157,-1.10231156707889,44.3352058187388,9.41509519294864
55.2721286253784,10.5980233151048,3.38740732255078,43.694686299776,9.75718159675468
51.6177925882004,9.18217171005064,11.949514612148,43.0239223661524,9.4719657692351
50.7610234581701,9.35268447227426,3.8593382021511,42.3747228807537,10.2329975492855
53.0750814995334,7.58108482375351,11.4228141676995,44.289167054164,9.73293495014262
44.2517437572465,11.5016709162423,6.54417215701969,42.6115194480603,9.28762753845248
49.3143691698568,8.81750135088165,-4.01891724118172,44.5027339260971,9.12333237591747
45.1563774996384,10.3542979020761,3.70267622059533,43.1850839520894,9.75926231945658
53.5869834135173,14.7831479351105,1.18939589617792,41.9782176795024,9.31221651743967
52.5277603921927,7.71494546864621,0.591782287975535,42.6217437456599,9.68140305333323
50.2587458324995,4.73612284350405,8.24275646008093,45.2674419473069,8.83080294481001
51.4864455332788,8.04945338232302,7.70269181347555,43.1736726523715,9.70986941711344
45.7420733696012,10.4083274077923,5.1175115674862,42.6538320685036,10.0024572274286
50.3710633158264,7.40207380548053,0.797644026742871,44.1690716135199,9.88750923858415
44.0476661481588,10.3340795786279,9.0049381600836,42.7514212922281,9.52661668350206
56.0636166000285,10.1305695816732,-1.90016307141819,43.7843630405477,9.63983769555795
49.0652481088303,10.2241058769782,-0.621090589161094,43.3968557981475,10.1534795582829
49.0907029428002,12.3163368996261,5.75226493461101,43.7548678525016,10.7387342489486
48.8969376044158,7.39954313609281,7.70470907467001,42.3052809948893,10.1146656548614
41.1982757628507,14.0906592735061,-3.33003963462748,43.963273805761,10.2217639182525
37.6528979785612,5.06249549600808,-8.1916895350859,43.0579161732471,9.75634775876444
46.4409108402915,9.81359831217859,3.80083230925293,43.4617064778818,10.3222896499685
52.2831816945612,8.03895102893025,6.81222363702043,41.5581943137751,9.71895420895325
50.1145121503004,10.3711773803148,7.43815908007648,40.9949092006185,10.103087802083
53.8909086007046,9.37062861233188,4.46441054984317,42.758337457232,9.74677317323755
53.496877674317,11.6367639401008,3.49965920814753,41.8949264053912,10.3072852425627
51.7854112658978,6.70121133417487,-2.7322032913325,43.735261749886,10.0791112823381
49.9622946131248,9.4783672153071,-0.460714549928903,42.3607226524412,10.0710960876023
61.1855040266398,7.4096052360726,1.68026557519148,40.8650536103369,9.64013033090467
48.803078702799,14.9142910346594,5.59397803155844,42.2745300732672,9.89931714954395
50.1038591294975,15.2622162689258,8.62543197191299,43.3718296367854,9.68635424594259
53.2018992385203,14.8884492176728,7.51040566646438,42.6509345775607,9.57090850631856
49.835273713169,6.39315843695547,4.38112643412235,42.7609088962272,10.2338525403327
53.1720066656767,6.47829117377065,0.55706101492704,42.6070276637392,9.85265227077617
53.7588105119201,8.94967197132182,2.28921867425562,42.3590627983961,9.24435106092241
49.9661333623219,10.4990363252169,14.6888735468923,44.0793355912899,10.165905194569
50.6230861812531,6.57959891407587,4.33316979318648,40.3570228537589,9.73227615780639
50.715771251822,11.4924429194168,7.97671706301437,43.0066635843931,9.22042451116002
47.6286090313451,6.24696851419505,4.91140612100848,43.1003286737695,10.4077812906612
48.5933790442602,13.0302980835561,1.8946051117926,42.2543331156638,8.71609637046773
44.9741106845856,9.7909661828626,7.04782830054837,44.2137651759098,10.0800383607296
42.1487335830812,9.18427396171182,5.37393080485735,44.5912329843935,10.3337682551134
52.47387224563,11.4405996519362,1.0399023982083,44.9927551017449,10.118146698564
41.87070929792,10.2025081979614,8.19034584788543,43.2746744400262,10.2653030517519
49.3345826881652,11.3888968801232,-2.97114339808821,42.4873040643003,10.4664903018246
48.5656192960096,9.44397265119788,10.521396267642,42.0033904467189,10.2694359480764
43.6713876766096,9.62313039839407,8.44021700163596,44.5997639270672,10.8143757575288
43.45209974558,9.82063929242787,2.40097414015486,42.5835104554753,10.22411921889
50.7868523407612,4.95099686766208,-4.82946866642244,43.1343467556287,8.85670119458936
48.0712946648527,16.3389702983009,5.46425366987257,41.9922298845406,9.59087023765464
49.9443973446381,11.7570383246146,14.6024876160251,42.5171713833228,9.04350545923811
49.4142005383087,10.3873364774788,-5.73976162783233,42.2963155811172,9.95635195728732
52.7368466822756,9.9324009989362,8.20494299008066,42.3521291240255,10.0487589231452
45.1895987652795,9.65008760363744,0.629813123880988,41.986783819224,10.2028932995542
43.3016530636793,8.23752823523204,-9.72955503073657,44.2244597984436,8.58677772189674
63.0736429503288,8.38012172966945,-0.708135188340421,42.4152282794577,10.0588436006043
51.0225838554628,10.189575659641,-1.95039022601862,42.5858161465241,9.41674399232259
43.3587513405683,11.2397011132821,9.06615608944283,42.3837366570498,10.0443927292574
46.3317202525088,7.87552840942218,7.38821226364694,42.2710773082851,10.9685920097119
50.0333385274414,10.0869635282541,-2.11340437215052,42.6265119647878,10.4803497381991
52.0860125493023,6.61261888396635,2.07029019459611,41.9908981497308,9.79609578996195
53.5572798388421,10.7066358439028,3.78763046795367,41.6703429919668,9.01954213693406
50.9985470133734,9.54962794354928,-6.12560505479093,42.2059219825399,10.2389814859837
42.3004370280039,10.0608849612918,9.66948855133895,45.2721937768933,9.85095326389234
47.8372711997908,9.81242474798165,6.92871207092368,43.5083652423195,9.71873694574987
55.8503849525257,10.8637548188541,-2.58599182806585,41.8506798802339,11.2924827776794
47.0745180484908,5.73733734956514,0.333014688681979,43.9615367620253,9.94783293393954
42.6843228170355,10.0959726470456,7.55785385418644,41.7365813152568,9.9568788045668
50.7540087916515,11.2051783145267,-1.22887473236907,42.6152925991399,9.70681178018085
48.4521957929148,11.0530690207369,2.02774740665015,43.4722364767529,9.76805491938414
47.7467646949554,12.3196918536123,4.20962296588624,43.40699915899,10.1532887406878
43.2359010631503,11.1953537011388,9.30861692267075,43.2869991679781,9.27998099819383
54.0526156514438,10.3081535773058,2.89489586841798,42.5979632525718,9.33434332005463
55.6934929039882,8.01417720880269,8.0241827553231,44.4845261810573,10.4299045077323
50.6587536915685,10.1453476542321,2.99833327694975,42.7024059313953,9.30730074873535
46.6662947256522,10.8092774169258,2.14978942486389,42.5889229247676,10.0632046481555
50.3651078604504,10.870385252503,2.71647511657733,42.4721747377088,9.85630188573709
57.6014481295592,10.4288715531437,15.6297455518488,42.0757521800669,11.4338499177473
47.357204976851,9.19131505462058,6.05143600146766,42.8512779253022,10.2031414458397
43.4153634701879,8.8768741991817,7.84747392106081,41.6900870991137,10.2126164972222
48.2366965785048,8.75003996830606,-0.503039714424529,41.8590569132229,9.75234056603356
52.6804780705903,10.9430800972407,-2.68747703729485,43.7355279831778,10.697627919827
46.2743193462594,11.1616874725634,7.5190629578046,42.6122441572143,9.97591232675773
45.0401282013253,7.50725813348064,-4.08060875237246,44.128278652012,9.75603707037426
51.8006045824424,10.7769407912347,0.841793119844963,43.74055589304,9.57953818056624
44.1962768881698,10.7648824829788,-0.0477983180291419,42.9466471806673,10.6029914092003
47.5375971291964,8.25601176149637,5.87259456804317,41.0215836573893,10.4219351458512
45.0498322720805,8.87978929990502,5.18785368974363,42.0281811958981,9.82096418995294
49.5794303231852,8.42056167137979,9.71663158483119,41.3258257611334,9.65743166749352
53.9225160902548,7.76427870682484,2.96190812355152,44.5740930655795,9.88816906592735
41.5283437191857,7.46529946284311,4.43139575445889,43.83640367771,10.2451167565259
44.9371140178247,8.034456347694,8.95820843591982,42.1705451321909,10.113480642371
54.0170024095705,10.6165685253016,-3.38555676544163,42.3453894756829,10.0799988326576
45.9300925302688,10.374583157717,-1.88387373554248,42.7869775122447,9.75735396426203
55.3303737120695,6.64543172338236,-1.77244557760699,43.1513136769517,10.3625980276132
45.59453407019,6.61370946559876,8.84625164916347,42.170795566267,11.3165478521771
50.3854349835129,8.96955602031382,-0.290822692837632,41.5816786878044,8.94451437144567
50.5827119362483,8.32794873758949,0.913900316511493,42.5850936866624,10.1407368174973
60.1068753219011,9.07355263263701,7.52868006368394,39.7105215760282,10.1350730209416
45.8727263805687,11.4451374397367,0.168072368077576,43.4678149784375,9.85729878728295
54.3100374631708,9.51870945375579,-1.38881946764357,42.1400646909503,10.2294871045245
56.7349434424369,8.61801282756353,-1.85096443910337,44.2683980997899,9.74570540894173
53.3083281676079,10.4876465559699,4.22365183242205,43.2253840909666,10.3282180563087
49.0721645083256,9.49309866452131,0.404974768058206,43.0437074025322,10.0956867916766
52.2316525697747,7.41626911327402,6.48100189920397,44.8845080403167,10.0144036157194
53.3618890592772,12.1441737751221,-1.58603789617246,42.1886188863311,10.2660633216447
48.9305325890626,10.7476786882601,4.26331095782485,41.974649896078,9.79221529500654
47.9653859129567,9.50709529204894,2.7870842900545,43.0657145024395,10.1529759657224
56.1727830378885,12.2976372619075,7.75281277363541,41.8532256390144,9.30267256831015
42.7463167842847,9.58473861257269,4.2892205021088,42.9081720753107,9.56553671749463
50.9824316308758,8.97224576600422,5.5641402850109,42.9656573596469,9.63680164990432
51.545205082718,11.7896005968867,9.41248836827943,44.3657648185277,10.384243783635
53.5252975678175,8.98564016374583,-1.33208397822924,42.7691234015165,10.4404915236326
56.2222252034027,10.0739061670326,9.08225603016335,45.3663115134044,9.04624896606101
48.5688794282712,7.94004729870183,0.0718080798897605,42.8042254730238,10.2645571515213
50.8983649492857,9.07550046042605,-0.616321342968103,43.6609587513615,10.2065359895349
53.2333575528501,14.0224435849397,6.30602525590413,42.0862743334159,10.4904308047393
46.8751199737416,6.64052556063545,1.58474140502856,43.1737758798275,10.0292147978207
46.9609134968516,13.5296655187839,0.806836306713995,40.9208379616573,10.1975144246701
48.2285136440579,11.7289889226542,4.11577917878445,43.3459166054369,10.5167141700838
58.0165627008589,7.94303037539262,6.04729629089241,43.1335704625449,10.1531959179773
54.0713666721465,8.59562208731687,-1.57800900340537,42.3695710099873,9.28089401714775
42.4525122388075,10.5851330877929,-3.4650761860715,44.4455725575676,9.8065068622232
52.5608573756595,12.3956930789407,0.380520929765332,41.7364607969183,10.3889086274314
48.0664050577976,8.81451534354274,-3.04575162628015,43.6249677197238,10.127742900694
43.430110019246,12.120737415207,-5.39018842790497,44.3271994824574,9.11043433236949
53.9503181536367,11.8803396140657,10.1176080856863,41.2986461814716,9.35307150544371
47.7771822018209,8.95289506187534,4.25283709607637,42.043390633808,9.8253128302538
52.1308135749747,7.57327122384153,5.32334505318856,41.3051020617958,10.2871629326706
50.4321719092662,10.4246763719753,-7.68260737368168,42.8734692235889,10.3873619384696
49.712550097776,8.05603523849684,-1.24033846690015,44.2021774719028,10.2256390935519
46.7736084407552,11.7126325844507,2.85753217900232,41.8129812468933,9.70427899153757
52.8398478519893,9.23033456895758,7.66166969633701,43.5825772785457,9.6191869367204
44.0417896257251,9.14382487580702,1.16131418093226,43.1876963098887,9.96054619777464
50.9936900090647,9.36391351252689,13.3950412491695,43.6973819257437,10.1024093139736
45.2641608212304,6.90709894343245,0.728089711910405,42.3272205390103,10.6311968037554
56.4710643130257,10.2613193334452,-6.53831648503724,42.6762782632427,10.156871726534
58.7803974781594,11.0785656080015,-0.870542331634875,42.2242009782266,10.5522551732107
48.3527451942018,10.0774094837981,8.77517098607642,44.5075810459008,10.3274794004923
56.6392176708757,7.08843756439061,3.61725240030728,42.8187797680045,9.63555764548769
53.0806059023664,12.1510221450174,0.314601825706402,42.9705801163862,9.90517590756964
46.9768170658381,9.01080638817674,3.55916324441899,43.9288054163038,9.56065287527589
49.3503459825982,9.79613257235137,4.54671341994341,43.6989764935905,8.76239686708396
54.3649770940237,7.60089731448418,-0.0923059394867876,42.4815525746711,8.73280108445348
51.7012654483726,7.96310337277082,-3.78855674641966,42.7799521849992,8.5608028162285
44.8681191497314,8.68713068291395,-2.4347494895567,43.134989462897,9.62191034633854
47.6315037126447,9.16604206309852,7.59532711296581,43.2935971695464,9.8775643200518
49.9453519259736,9.97389412793336,5.54752038847682,43.531055140734,10.3569919800676
50.9793039541051,13.1302189872939,0.69251658385322,43.1752821029345,9.4593048147794
45.6122890729356,9.79685068352278,4.07284078925532,44.1061393533633,9.73230712341934
51.0150579239654,12.3526353782663,8.40590992801312,43.5065005608598,11.0968612699448
51.7992224437361,9.47713368997612,1.27012090447016,42.7836016756337,9.64809696114927
59.2954813975734,9.50089654347299,-3.64088525126167,41.4698638576882,9.46380890628275
47.753838975292,7.57710495494992,5.63219008603612,42.5200444110322,9.6221122752371
47.0399429017876,12.1777523744693,5.15406358138317,45.0724050120338,8.83979186671087
51.4160036738217,6.96350013464393,7.81526733021257,43.5261519753818,9.94217193938451
51.149315823857,12.6635032383694,4.63450783034824,44.061229453246,10.4108969954578
49.9637321076315,9.1547139843369,8.14122699864759,43.6816175181388,10.6110386953906
48.5927788255863,10.7903259129895,1.22480852821435,41.6824456092325,10.0709971563156
52.2677758741632,8.56150429686866,6.77676298164795,43.4904405000772,11.4600600553185
34.1711336944646,13.1178994026602,12.8868691876489,43.8755624311615,10.2938678313353
39.953197051618,12.909505942909,6.70420299891394,45.4079803180713,10.0904674798735
45.2420009611955,10.572631144026,2.8209215694648,43.0635013809402,10.385555800915
57.5271237078986,11.9157760892247,4.1672867333729,42.7704946982732,10.2029323751332
55.6492998801804,12.2790930657115,-3.03092249727395,41.2472423361411,10.3691289526181
50.9785686830052,7.62759795732682,0.940818401369029,43.9653494103034,9.74459614421456
46.6338616296665,11.6300386289727,7.72804210328785,42.0080742410142,10.079467979268
56.599191700659,6.19145325462441,2.56046239137259,42.7756852096041,10.1033761268736
56.3459593174819,10.1577612925161,1.89201890198624,41.9676168258168,10.1898355306271
53.531525863716,12.4490297157547,10.5149894812864,43.7896155752975,10.0814407392444
46.6719166445514,12.2541845833467,12.4463701642664,43.8564970807003,10.303376508715
54.574654909393,10.0929435619567,1.47023231770576,43.2722988345191,8.97261725615477
51.9563921898362,10.5089625180022,9.51723655672148,43.2660980595206,10.4639967924884
57.4551276223688,13.5567819680426,4.92096363631105,42.8527039150727,10.1315743978933
53.8332129305079,9.28483442562567,-3.73641886647181,41.6305583996573,10.5178506201605
41.5292047447036,8.08991091548273,3.53291724693627,42.514262395193,10.0933117513493
51.793539469559,11.7710629027459,-0.468455045342387,42.7855278799534,10.0915525445812
59.1458365151863,10.6734071859808,12.9701870069457,42.6429290683006,9.90838573877145
53.8369399191766,9.29865382429031,-2.52421108601416,42.9844936450883,10.0275260189305
55.1799205253595,9.4979099782078,5.98785723378922,43.7043308605245,9.61641050689258
47.9095316298341,11.9171925789795,1.70825989949888,43.2886158882937,9.6331621012212
45.6364866648907,9.01459123193179,11.9287711992922,43.1963558265044,10.0445735736548
49.4014427061682,8.31183962953777,5.60631661246466,43.9778234966984,8.81197428271467
50.9123811353247,11.9342096481949,3.41570081368089,43.1457967947565,9.91033053920491
40.7798213695815,9.4705048316114,5.58690965007318,43.9290166048508,10.3239960268798
48.3908353966639,8.34289528908887,3.52120281066023,43.6738151131416,9.34869021503234
65.466125885122,11.4320918845849,5.13829501058661,41.594427509124,10.2961977586926
41.6346017798051,5.28386904810544,0.34512638667006,42.2716484075985,11.1482621335344
60.1331321459757,12.9713373779534,4.93768985998965,43.5047009110122,9.118441235189
52.8049386377175,12.5334557226878,3.86486546891944,42.470553032614,11.5529752714345
48.7189133030201,8.38370344566617,4.36898805780322,41.8085663676319,9.0985680544535
47.8483974118134,10.6621744341302,1.73976990998365,42.6445003272845,11.1640755194631
46.6608891048424,8.82290029696274,0.410461730825514,42.7925867010524,9.07626115093181
50.6254617572597,9.74547985387146,14.3031649707802,44.5728474316202,10.4357108000475
57.2440862365988,5.65672052900472,3.93475678478895,41.8671588257931,9.85902880740424
50.8283028483815,12.2385163253406,8.70954455704427,43.0389794443205,9.56701262756787
44.9342108540557,6.98654843605029,4.91919404449628,42.7858836425548,8.47730834923145
52.1131614333477,10.6326912176941,2.38618211782015,42.2386249048718,10.2649886494214
46.7779763051487,7.352724696953,2.05853617367355,44.0188601609429,9.78364735743437
44.3302663875082,10.3641654121404,-2.68699561340173,44.789069291902,8.62729163543285
60.0366525370576,10.5634317388562,7.62190242082655,42.7728433636854,9.51819037170313
44.8402168831305,8.27516448241516,4.75425618052107,44.5614713269072,11.168628913602
58.2306994355509,10.0179542314789,4.02274950285084,42.5918201598978,9.7607726707284
52.2663110291667,9.90068003505741,-3.5212716907004,45.4244925721925,10.6972745021522
49.0977064295548,8.30479251111141,-3.12867041081609,42.0568966555276,10.0142341775686
51.082240821368,10.5364547830663,-6.74170976800669,44.2625422362115,10.0912734824843
43.61418539351,11.2809912917465,9.0981133625796,41.1483916598851,9.27500311065602
52.3927856313958,12.4937890835397,5.08837331291487,44.1412421988875,9.25146211489449
59.3436366184006,9.7081923994653,6.93463818285603,42.0634757229336,10.000794730888
58.9969342096537,9.73079765697685,0.177366893059152,43.9819693470999,9.76382657610617
52.2945969787141,7.98305153464772,1.26025356157697,43.9449983558471,10.4687045762202
44.9241813471489,14.4873044201339,1.80381975571589,42.7152792461961,10.6103067646924
51.0577283742372,11.3793332175788,8.79535029829236,42.3658029594228,9.75165664748515
49.1694512740226,8.29550855419444,0.650865482343261,42.7738995793587,10.2436461773966
47.6410944866653,11.6919767896436,4.23959337653669,41.7217751252836,10.1405342179028
50.3835010705036,12.3078927390869,4.1348561044385,45.0800719792448,9.4695674554223
51.1510719805504,11.4173239831057,1.28134727358943,41.6630240045146,10.5251665249443
45.9673394093078,10.8933958877486,2.93383089896064,41.3897277529884,10.2737633099131
45.0610453525574,9.97896385132967,-0.782724765004354,44.3028934156599,10.4479170108331
45.0573795288588,9.52730611815981,-0.340936947076387,43.6348554548393,10.3513027231881
49.4416389340821,9.44247239652965,9.36136076891985,42.5777328065424,10.1895046491195
51.2316609586752,8.01910353468936,-3.43533296687219,44.0660529584397,10.4291835304474
52.0334832314163,12.7634185675518,1.03593651552274,43.4331999660153,10.556400922461
52.1687362412538,10.4327533819431,1.64026135254635,43.2984097654601,9.53285235921899
53.4838959868206,10.0038822219981,-8.80484354806959,42.8844580455266,9.98504975725911
48.262921873529,7.31848712777469,1.52362165043537,43.7535631732087,9.4762712642913
48.260644434425,7.32916361234073,7.22769357133793,42.7348222084151,9.48702175655087
55.0577366966005,7.21370734642306,2.96392181778385,43.6680563346871,9.90773854255519
49.6619039431997,6.83269758610247,-0.132240236445401,42.6970122363619,10.094887433082
45.4459890121117,13.3205092264923,11.2009830544715,42.4936696207289,10.6009040997665
39.3176493560045,13.7370430501823,-1.19331367598223,42.4479626203158,9.63770227875721
50.0022818989557,8.14272533120513,7.35452671716304,42.5237239997637,9.88969408103682
53.329760833672,10.9291307070297,-7.89926681804163,41.9731940171199,9.31008580648461
47.3310360193979,7.55520175590069,-2.77188524729659,41.4022436339626,9.33655151748339
42.6427607192067,9.74936705784894,5.51727812788998,42.2658175755195,9.40178862607848
52.4272755333224,13.0120336622705,2.33758527648449,44.404574956092,9.16503768845655
44.9922371843938,9.46093214329256,3.59957159998131,43.3988067504909,10.5349804272736
50.3638772455568,11.7549830695478,3.36380692441174,44.3577027832913,9.79831726673397
51.7763926361305,11.4725548365594,6.77394324460957,42.6584571566888,10.0191970366817
48.3505728079833,9.5416970611194,-0.931399298745277,42.7558646251015,9.8716639785275
52.6577328487292,8.49713514537919,-7.68092190294128,44.1219968299331,10.325563147999
49.5779390728955,13.0750345099358,7.73610804290192,42.156111160362,10.8632517270062
51.9222277881106,7.12313396400033,-1.53154672120664,44.3049279297977,10.0777391087477
46.3662876140078,11.2023300024557,6.81653909299934,43.8440718625171,10.0668790324054
49.1635264315603,11.9131672135718,2.94028162041792,42.5212765580001,9.70619501609761
56.872890692166,11.4393157025618,0.167084471946132,42.3692658057656,10.3508752001428
54.1688136463209,6.8486681544104,2.4491250553022,43.3461973334952,10.0671296011847
51.4475149982616,10.7357763684014,1.13999815095456,43.9634788714573,10.517146984891
42.2441157591665,11.2415008133715,-2.74897248199174,43.4882862599543,9.61265406628549
59.1756379167145,8.3044910184742,9.12589641227895,42.8870549623248,9.76440071440338
55.9087263988165,11.1015373231521,5.65990938342314,43.0894591257339,9.43019460480577
48.2737722323423,9.43500217434528,9.26023768689732,40.9078178395329,10.0904630316172
48.5213861956165,10.4104208512316,3.82810593000514,44.5090572514027,10.0344108971275
54.5231146036988,7.2497728678061,8.97560936017465,41.4628740625899,10.3595836046148
46.9655290647454,8.26203292477866,6.71027352564991,42.5172515673256,10.1544794986493
51.8453450812275,8.5049023517297,5.19621750295352,43.3351610887353,9.4285736952016
47.2163585468433,11.351753205643,-3.34537147020435,42.5224919063264,10.5509239544742
55.7453040121217,12.7309390048887,3.5195977186705,43.0931784572319,9.91094552060297
49.6826339776208,9.80664929091036,12.0492487973253,43.684689799863,9.46801415410484
53.8150766281436,11.0946853984302,7.55208395120654,41.6768447004693,9.69418290068468
54.2809589027514,12.948567122232,-1.38207726161121,42.3262323166705,10.6705971826416
45.9559139812092,9.82945820771,2.69987690342411,43.2210174672091,9.29079850136788
46.1176245468358,11.5550849882648,0.910002175257694,43.0925798525085,10.1242830928435
55.5235058245731,11.0231588952212,-3.80904545814482,43.4293765777137,10.004027778272
49.8511695058917,9.96138607143826,0.346952675255825,41.9625238016036,10.2547111264039
52.8695448668216,9.56255187733622,-10.1857806927032,41.5455918704146,10.3711364456328
47.9868158632128,7.4130588760201,10.7149505734345,43.3675428518216,9.88256323365587
53.7466453286353,8.92513921957394,0.530061076445521,42.4547349139112,10.0842846032718
47.1146549288736,9.77503751177898,9.44486599311437,43.5632934236851,9.76999930794305
42.3435702494923,10.8852908220355,1.15441680745981,43.2466317775541,10.117833195806
47.1062692158008,13.7206128586596,1.12077308123126,41.3709764385749,10.2738962064611
52.1729863803462,7.61202771558964,-0.341100477903338,44.518705213423,10.207485464311
53.2121729710969,13.6820513890024,8.53344955943062,43.365477209962,10.4218976558997
47.4993237112865,13.7183442694901,2.70029287327936,42.9157067891352,10.4365054183572
45.8516351728998,9.99103351077359,10.3255837292246,41.86048398969,10.3930136137203
52.9179184057914,6.81188280241763,-3.75647467362631,41.7585735880151,9.84321853195661
56.9035671214149,7.94620501361897,9.10875135452635,42.564706427338,8.88673572148883
40.0737948420422,13.5440131434127,5.4183269881981,42.5400990585264,10.2939598447479
53.1198109993726,9.45217395192497,3.88265306391812,43.9569580198032,10.3983913314452
55.8227751323205,6.81887520901313,5.5804763992897,42.3627247128099,10.3892489704254
49.5626847151681,11.4643909841005,0.663177390003051,42.6881199909079,10.4869940608779
51.3488532651423,8.14055360187462,5.16616400195134,44.344698545437,9.82045085652248
48.0609785875453,8.87115789318254,8.68893434122969,43.228716696613,9.47856842883628
56.0504359633834,9.86368666445714,8.20145384459859,40.4818917612667,10.0682272336677
47.7956574801615,11.3286910319974,2.07552556455916,43.5398388877268,9.89792762482876
56.1779352735254,8.15330857563837,-5.43605519111964,43.7231964187175,10.1266039200586
45.5128344603378,9.74737624024614,3.10837618680786,42.4954448410599,9.48004138071878
51.3457526142523,10.015412678071,9.87863133453522,41.3330135723037,9.2464643001963
51.4528605271561,11.3870971109645,1.96385328143855,44.0078547375877,9.20172701813486
48.0751307601696,11.6062302816651,6.3914804797696,41.9649759679703,10.4126711047102
46.6704085493659,7.97269122418028,-1.96795669425222,44.2488449706435,10.1718583186538
51.3355290053282,6.51802974861734,3.53556834047274,43.2356510327549,9.90334540666247
49.1566270684499,9.41072434278195,3.78424315179967,42.6577154582771,10.3814777605765
53.5659871818063,7.96662139933803,-2.42767664429424,42.3058802851474,10.0681585972143
45.621420598819,9.70583683929726,-3.41847410809093,44.1075539574815,10.4677746177484
60.280505526366,9.11855411092546,11.3306870253023,41.8600932655794,10.1342453762238
58.2023438662328,9.02362718585628,-9.58552501155187,43.246994752783,10.7903478055284
55.5248171654239,10.4578631083156,10.9699900879003,43.0592952240114,9.55513765698725
42.9801426542961,11.6606225435218,7.22703852757044,41.6763038980967,9.32715324003501
43.1844554390527,9.52739713219875,0.82876590955758,43.7195200625602,10.2988981590112
49.5453791412617,11.3023531470585,6.03938061611826,43.3926618312929,9.93189821078449
48.6976615784435,12.0333645948312,5.6629880963127,43.0011165344161,9.21157958818382
43.2005008256877,6.66214298054223,6.11467875579522,41.0276786029345,10.0827968217851
44.6626494161243,8.15282094979167,5.83467632714595,41.9558365034298,10.5678246720487
41.5798657856713,12.2676695527448,3.95239502819731,42.1344858427187,9.6813559775451
51.6738539178317,10.3439524961716,7.33413453691467,40.4081369957411,9.16333463620562
45.1239858546997,8.81832613242383,2.28517168159375,43.9551539204864,9.97416171608969
